steps,loss
0,0.6833194408957383
1,0.504229197738435
2,0.4899847666951185
3,0.4761976099740636
4,0.47253792429787095
