steps,loss
0,0.930436235666275
1,0.7563022136688232
2,0.7693744748830795
